indices,x,y,z,localized_index,localized_x,localized_y,localized_z,localized_chi_sq
0.0,87.3,73.4,2.92,0.0,87.30116642,73.39362374,2.91256154,0.0031075474958661
1.0,67.5,81.0,3.0,1.0,67.48344705,80.97321218,2.97974054,0.0001449626314007
2.0,110.9,88.7,3.1,2.0,109.14475064,91.22894219,3.06555412,0.0114658331981621
4.0,80.1,99.9,3.3,4.0,80.59586345258553,99.41054834488732,4.014974567089405,0.2081367980030428
3.0,72.4,57.2,2.9,5.0,77.23569718449183,70.33502150239468,1.890473706645276,0.0002972251924415
3.0,71.3,56.9,3.44,3.0,71.29721576956612,56.903257182034196,3.4401382351349374,7.842392892901549e-05
