indices,x,y,z,H0,localized_index,localized_x,localized_y,localized_z,localized_H0,localized_chi_sq
1.0,67.5,81.0,3.0,70.0,1.0,67.32555705,80.96993453,3.07295352,72.25817867,0.0156110182349333
2.0,110.9,88.7,3.1,70.0,2.0,109.12331908,91.25433101,3.10023735,70.43038917,0.0328337335464441
4.0,80.1,99.9,3.3,65.0,4.0,80.17826106,100.04109091,3.31867587,65.45850865,0.0151426257300535
3.0,72.4,57.2,2.9,73.0,3.0,72.372211,57.24016367,2.91241268,73.23305644,0.0046291630224806
3.0,71.3,56.9,3.44,79.5,3.0,71.39553745,56.77492844,3.42746801,79.2219167,0.0028130329742422
5.0,75.4,69.2,3.4,66.0,5.0,75.41740398902421,69.19371554617356,3.36186274676481,65.35307369837003,0.0120912460597518
1.0,70.0,75.0,3.12,74.1,1.0,70.0079463322572,75.01339594638938,3.1274684433715203,74.35571099116152,0.0119023972943505
4.0,80.02,99.7,3.12,80.3,4.0,79.99524811793691,99.5947778788313,3.112126452468889,79.81298150839257,0.0117346508918869
2.0,107.0,89.0,2.65,66.0,2.0,107.01006344114244,88.97684189557505,2.6409325926241953,66.02879821866071,0.013721905070643914
