indices,x,y,z,localized_index,localized_x,localized_y,localized_z,localized_chi_sq
1.0,67.5,81.0,3.0,1.0,67.50724888,81.01170939,2.99355692,
5.0,77.6,67.5,3.34,5.0,77.59088714,67.48683167,3.32416475,0.0022341081882663
1.0,70.0,75.0,3.12,1.0,70.01320812973121,75.02377333182177,3.1139039518172305,0.0024541426062813405
