indices,x,y,z,localized_index,localized_x,localized_y,localized_z,localized_chi_sq
1.0,67.5,81.0,3.0,1.0,67.49996864948808,80.99999341315632,2.9999221546051285,
3.0,71.4,57.0,3.5,3.0,71.50813937881098,56.86353464972685,3.508592782749775,2330.761163899305
