indices,x,y,z,localized_index,localized_x,localized_y,localized_z,localized_chi_sq
1.0,67.5,81.0,3.0,1.0,67.50724888,81.01170939,2.99355692,
5.0,77.6,67.5,3.34,5.0,77.59088714,67.48683167,3.32416475,0.0022341081882663494
