indices,x,y,z,localized_index,localized_x,localized_y,localized_z,localized_chi_sq,diff
1,67.5,81,3,1,67.49999221511516,80.99999681443983,2.999963415408008
0,80.5,74,3.2
2,110.9,88.7,3.1
3,71.4,57,3.5

