indices,x,y,z,localized_index,localized_x,localized_y,localized_z
1.0,67.5,81.0,3.0,1.0,67.49996864948808,80.99999341315632,2.9999221546051285

