indices,x,y,z,localized_index,localized_x,localized_y,localized_z,localized_chi_sq,dz,dx,dy,dS
0.0,87.3,73.4,2.92,0.0,87.30116642,73.39362374,2.91256154,0.0031075474958661,0.00743846,0.00116642,0.00637626,0.00648206967
1.0,67.5,81.0,3.0,1.0,67.48344705,80.97321218,2.97974054,0.0001449626314007,0.02025946,0.01655295,0.02678782,0.031489481642
2.0,110.9,88.7,3.1,2.0,110.2,90.06,3.18,0.0114658331981621,0.08,0.7,1.36,1.5295751044
4.0,80.1,99.9,3.3,4.0,79.02,98.94,3.23,0.2081367980030428,0.07,1.08,0.96,1.444991349455
3.0,72.4,57.2,2.9,5.0,77.33,70.24,1.95,0.0002972251924415,0.95,4.93,13.04,13.940821353134
3.0,71.3,56.9,3.44,3.0,71.24,56.68,3.48,0.0028130329742422,0.04,0.06,0.22,0.22803508502
1.0,70.0,75.0,3.12,1.0,69.23,75.08,4.06,0.0023748531951194017,,,,
