indices,x,y,z,H0,localized_index,localized_x,localized_y,localized_z,localized_H0,localized_chi_sq
1.0,67.5,81.0,3.0,70.0,1.0,67.32555705,80.96993453,3.07295352,72.25817867,0.015611018234933303
2.0,110.9,88.7,3.1,70,2.0,109.12331908,91.25433101,3.10023735,70.43038917,0.03283373354644417
4.0,80.1,99.9,3.3,65,4.0,80.17826106,100.04109091,3.31867587,65.45850865,0.015142625730053538
3.0,72.4,57.2,2.9,73,3.0,72.372211,57.24016367,2.91241268,73.23305644,0.004629163022480695
3.0,71.3,56.9,3.44,79.5,3.0,71.39553745,56.77492844,3.42746801,79.2219167,0.0028130329742422334
5.0,75.4,69.2,3.4,66.0,5.0,75.41740398902421,69.19371554617356,3.36186274676481,65.35307369837003,0.012091246059751874