indices,x,y,z,localized_index,localized_x,localized_y,localized_z,localized_chi_sq
1.0,67.5,81.0,3.0,1.0,67.50724888,81.01170939,2.99355692,
5.0,77.6,67.5,3.34,5.0,77.59088714,67.48683167,3.32416475,0.0022341081882663
0.0,87.3,73.4,2.92,0.0,87.29999962565059,73.40000549647546,2.9199993695192923,0.0550713162850536
1.0,70.0,75.0,3.12,1.0,70.00000369849363,75.00000340131074,3.11999854634668,0.0116597900082691
4.0,80.1,99.9,3.3,4.0,80.09999281129616,99.90000066117092,3.300000898767591,0.35099761155004566

