indices,x,y,z,localized_index,localized_x,localized_y,localized_z,localized_chi_sq
0.0,87.3,73.4,2.92,0.0,87.30116642,73.39362374,2.91256154,0.0031075474958661992
1.0,67.5,81.0,3.0,1.0,67.48344705,80.97321218,2.97974054,0.00014496263140076766
2.0,110.9,88.7,3.1,2.0,109.14475064,91.22894219,3.06555412,0.011465833198162134
